{"cameraMode":{"drawMode":0,"name":"Shaded","section":"Shading Mode"},"sceneLighting":false,"audioPlay":false,"sceneViewState":{"m_AlwaysRefresh":false,"showFog":true,"showSkybox":false,"showFlares":true,"showImageEffects":true,"showParticleSystems":true,"showVisualEffectGraphs":true,"m_FxEnabled":true},"in2DMode":false,"pivot":{"x":5.500110149383545,"y":2.5000500679016115,"z":58.50117111206055},"rotation":{"x":-0.05966618284583092,"y":0.9399125576019287,"z":-0.22446638345718385,"w":-0.25177890062332156},"size":0.8660253882408142,"orthographic":false}